{
  "collaborative_filtering": {
    "method": "collaborative",
    "average_precision": 1.0,
    "average_recall": 0.7211538461538461,
    "average_f1_score": 0.8361204013377928,
    "average_hit_rate": 1.0,
    "average_precision_liked": 0.4666666666666667,
    "average_recall_liked": 0.7,
    "average_f1_liked": 0.5521929824561403,
    "individual_results": [
      {
        "user": "alice_updated_1763086071.842776",
        "user_id": "6913abc24f29131bb6068504",
        "recommended_count": 10,
        "relevant_count": 13,
        "liked_count": 6,
        "precision": 1.0,
        "recall": 0.7692307692307693,
        "f1_score": 0.8695652173913044,
        "precision_liked_only": 0.5,
        "recall_liked_only": 0.8333333333333334,
        "f1_score_liked_only": 0.625,
        "hit_rate": 1.0
      },
      {
        "user": "charlie",
        "user_id": "6913abc44f29131bb6068506",
        "recommended_count": 10,
        "relevant_count": 13,
        "liked_count": 5,
        "precision": 1.0,
        "recall": 0.7692307692307693,
        "f1_score": 0.8695652173913044,
        "precision_liked_only": 0.3,
        "recall_liked_only": 0.6,
        "f1_score_liked_only": 0.4,
        "hit_rate": 1.0
      },
      {
        "user": "diana",
        "user_id": "6913abc44f29131bb6068507",
        "recommended_count": 10,
        "relevant_count": 16,
        "liked_count": 9,
        "precision": 1.0,
        "recall": 0.625,
        "f1_score": 0.7692307692307693,
        "precision_liked_only": 0.6,
        "recall_liked_only": 0.6666666666666666,
        "f1_score_liked_only": 0.631578947368421,
        "hit_rate": 1.0
      }
    ]
  },
  "content_based": {
    "method": "content",
    "average_precision": 0.43333333333333335,
    "average_recall": 0.3044871794871795,
    "average_f1_score": 0.35674470457079155,
    "average_hit_rate": 1.0,
    "individual_results": [
      {
        "user": "alice_updated_1763086071.842776",
        "user_id": "6913abc24f29131bb6068504",
        "recommended_count": 10,
        "relevant_count": 13,
        "liked_count": 6,
        "precision": 0.2,
        "recall": 0.15384615384615385,
        "f1_score": 0.17391304347826086,
        "precision_liked_only": 0.1,
        "recall_liked_only": 0.16666666666666666,
        "f1_score_liked_only": 0.125,
        "hit_rate": 1.0
      },
      {
        "user": "charlie",
        "user_id": "6913abc44f29131bb6068506",
        "recommended_count": 10,
        "relevant_count": 13,
        "liked_count": 5,
        "precision": 0.5,
        "recall": 0.38461538461538464,
        "f1_score": 0.4347826086956522,
        "precision_liked_only": 0.5,
        "recall_liked_only": 1.0,
        "f1_score_liked_only": 0.6666666666666666,
        "hit_rate": 1.0
      },
      {
        "user": "diana",
        "user_id": "6913abc44f29131bb6068507",
        "recommended_count": 10,
        "relevant_count": 16,
        "liked_count": 9,
        "precision": 0.6,
        "recall": 0.375,
        "f1_score": 0.4615384615384615,
        "precision_liked_only": 0.5,
        "recall_liked_only": 0.5555555555555556,
        "f1_score_liked_only": 0.5263157894736842,
        "hit_rate": 1.0
      }
    ]
  },
  "diversity": {
    "average_diversity": 0.5666666666666667,
    "individual_results": [
      {
        "user": "alice_updated_1763086071.842776",
        "total_recommendations": 10,
        "unique_categories": 5,
        "diversity_score": 0.5
      },
      {
        "user": "charlie",
        "total_recommendations": 10,
        "unique_categories": 6,
        "diversity_score": 0.6
      },
      {
        "user": "diana",
        "total_recommendations": 10,
        "unique_categories": 6,
        "diversity_score": 0.6
      }
    ]
  },
  "coverage": {
    "total_products": 50,
    "recommended_products": 18,
    "coverage_percentage": 36.0
  }
}